0,id,tweet,subtask_a,subtask_b,subtask_c
0,68629,@USER Let the leftist democrats riot in the streets with their antifa counterparts.,OFF,TIN,IND
0,43619,""".....""""  And he is shuting up.  Don't mess with Yumi. Don't ever mess with Ms. Yuzuki.""""""",OFF,TIN,IND
0,99677,@USER The #metoo movement has turned out just the way black lives matter and Antifa turned out. Started out as a worthy cause and then ruined by a bunch of bandwagonists. More harm than good.,NOT,NULL,NULL
0,37881,@USER He is the worst person.,OFF,TIN,IND
0,72803,@USER you are a DISGRACE,OFF,TIN,IND
0,93549,@USER @USER @USER @USER @USER @USER @USER @USER @USER @USER @USER @USER @USER @USER @USER @USER @USER @USER @USER @USER @USER @USER @USER @USER @USER üòÅTeleSmokaCatin'  damn that looked better in my headüòÅüòâü§£üòé,OFF,UNT,NULL
0,69659,@USER Do not think so maybe do a little research buddy!,OFF,TIN,OTH
0,42219,"""@USER There are deals on Mexico EU trade and other trade deals.  We don't need or want a gun control deal or a Climate"""" deal""""""",OFF,UNT,NULL
0,37828,@USER She is by far the most pretentious little try-hard housemate in there this year. So cringeworthy. #BBUK,OFF,TIN,IND
0,81420,@USER @USER Liberals didn't want to hear from Juanita Broderick.  She was ignored. Liberals don't want to hear from Keith Ellison's accuser.  Double Standard,OFF,TIN,IND
0,27148,@USER @USER @USER She‚Äôs confused after all she is only a poor struggling socialist,OFF,TIN,IND
0,62457,@USER @USER Jesus she is the evilest of cunts,OFF,TIN,IND
0,10424,@USER @USER @USER Really? It‚Äôs been the Dems that have been behind all violence from mass murderers to confrontations to antifa. Wake up,NOT,NULL,NULL
0,47148,@USER @USER @USER I don‚Äôt think he is a sociopath.  I think he knows what he did and he knows he is lying.,NOT,NULL,NULL
0,96180,@USER @USER @USER How convenient a conservative dummy believes people are selectively unemployed.Conservatives always try to use this type of propaganda. No facts!Just their warped conservative beliefs. It‚Äôs very clear.Many conservatives like @USER don‚Äôt have the ability to learn or think,OFF,TIN,GRP
0,28884,@USER DANGEROUS OBNOXIOUS GARBAGE....good luck doctor,NOT,NULL,NULL
0,12223,@USER ANCIENT HOMIES COULDNT HAVE COCK COCKS FIGHTING BECAUSE THAT WAS LITERALLY ILLEGAL IN ATHENS FJSHDHJS,OFF,TIN,GRP
0,43057,"""@USER @USER The racist excuse every time telling it like it is"""" """"against being PC"""" URL""",NOT,NULL,NULL
0,93754,@USER He is so brutal. Hopefully he sells the team...,OFF,TIN,IND
0,78611,@USER @USER @USER @USER @USER @USER So the first thing you do is put the black guy up and call out that we are using the race card. Shows how racist you are. Maybe put a Latino or woman up next.,OFF,TIN,IND
0,30411,@USER A black  hobag,OFF,TIN,GRP
0,74696,@USER Shit jamming Ju,NOT,NULL,NULL
0,36206,@USER @USER @USER Please stop! You're making it TOO EASY for right-wing conservatards to mock those of us on the Left! #NotHelping,OFF,TIN,IND
0,75876,@USER Billy bargain üëç,OFF,TIN,IND
0,42537,Mueller proves the judicial system is weaponized.  Democrat special councils only charge Republicans.  So if we play the game then Republican special councils should charge Democrats.  Right!   Balls in your court Republicans.   MAGA URL,OFF,TIN,GRP
0,66328,@USER @USER This is what happens when you tell white liberals that they don't get to congratulate themselves on how woke they are until they put their money where their mouth is. That simple fact of life breaks their brains.,NOT,NULL,NULL
0,93111,@USER There is a full-blown coup d'etat going on between the Deep State and the Liberals for everything they can do to try and get Trump out of power and it's absolutely ridiculous and should be against the law,NOT,NULL,NULL
0,35786,@USER Yeah I'll not take my gun control policy advice from a Jean's company. Beyond that trumps die hard are almost enough that the snowflakes they claim to dislike and themselves are hard to tell a part,OFF,TIN,GRP
0,81553,"""@USER Gun control measures?  As in Fast and Furious"""", where you directed FFL dealers to violate the law and allow straw purchases?  Where you knowingly allowed firearms to be sold to criminal organizations?""""""",OFF,TIN,GRP
0,45422,@USER What they fail to realize is that if even 10% of Trump supporters decide to use force to protest like the lunatic left does now it will be like White Sleeves and Antifa soy boy. They really do not want to keep up this level of rhetoric.,OFF,TIN,OTH
0,40489,@USER Nah Antifa are good to get killed,OFF,TIN,GRP
0,31491,@USER God dang! Didn't she break campaign finance laws? Why isn't she in jail?? Didn't she promise to move out of the US??? Why won't she just Go Away??!!,OFF,TIN,IND
0,21536,@USER TICK TOCK SWAMP !! YOUR GOING TO JAIL VERY SOON !! #MAGA,OFF,TIN,IND
0,75385,@USER MAGA= Mushrooms are growing again,OFF,TIN,IND
0,12198,@USER Right.!!!! I don't know what the hell he is saying half the time. I would get thrown off the show the first episode.!!!!üòüüòï,NOT,NULL,NULL
0,32196,@USER Animal is the operative word !,OFF,UNT,NULL
0,31757,.‚Å¶@USER is pledging more than $1 million to support nonprofits and youth activists working to end gun violence. They‚Äôre also partnering with Michael Bloomberg to help create a coalition of business leaders who support gun control measures.  URL,OFF,TIN,IND
0,25270,#RedWave a coming!! That's ok tho. No conservative will harm you b/c of your political ideals.  Cant say the same for liberals tho. Liberals can be vile and nasty to opposing views. URL,OFF,TIN,GRP
0,53051,@USER Once again if you look at the timeline the only ones who are so proud of her is liberal or white liberals. Like I tell my Hispanic community when you see liberals offended for minorities becareful these people are not your friend.,NOT,NULL,NULL
0,74666,@USER Let‚Äôs not forget the treatment of Sarah Palin by these same California liberals. And now they say Kavanaugh ‚Äòs accuser is being bullied?,NOT,NULL,NULL
0,84102,4 out of 10 British people are basically full-on racists. 4 out of 10 voters vote for the Conservatives. Coincidence!???!???,OFF,TIN,GRP
0,95527,@USER Legit just LOL'd... Shit is funny asf,OFF,UNT,NULL
0,29510,@USER Look in the mirror lefties!  No bigger bullies than antifa and progressive leftist trying to ‚Äúget in the faces‚Äù of the right,OFF,TIN,GRP
0,74437,@USER Notice how much he keeps looking around? He is looking for a little girl to touch. He is a disgrace to our country. #MAGA,NOT,NULL,NULL
0,83407,@USER @USER @USER   Do not CANCEL the vote on Kavanaugh. Do not fall prey to the lying filthy liberals.  Tell Flake to shut up.  America is sick of this BS from the left!,OFF,TIN,GRP
0,79598,"""#LibDemConf shows me that @USER are absolutely void of constructive ideas for the myriad problems the UK faces, and begging @USER and @USER moderates"""" isn't the answer. Thatcher was right, the parrot is dead.""""""",OFF,TIN,IND
0,18807,@USER Also Puerto Rico is a island add in the middle of the Atlantic and people have nowhere to go. If a big enough hurricane comes through there everyone could die.,NOT,NULL,NULL
0,68826,@USER Her family consist of : -Cheating husband who never loved her -two bonus boys who made it clear she is not their mom and never will be - in laws who show more affection to stray cats than Wewe. - paid employees who laugh at her while cashing her checks. URL,OFF,TIN,IND
0,50949,@USER @USER @USER @USER The educational system is controlled by liberals and works to enslave the minds of our children. The chains of mental enslavement must be removed in order to save the future of our great nation üá∫üá∏,OFF,UNT,NULL
0,93663,@USER Guess the robber didn't know about all of NYC's gun control laws,OFF,TIN,IND
0,33944,@USER Terrible man wouldn‚Äôt you say liberals. Just terrible.,NOT,NULL,NULL
0,79254,"""@USER I do like your tweets!, But maybe you should be more focused on consolidating them and sending fewer out, I miss many of them and you leave yourself open to the New Liberal Fascist Movement Antifa?""""""""""",NOT,NULL,NULL
0,28698,@USER @USER @USER @USER @USER @USER @USER @USER @USER @USER @USER @USER @USER @USER @USER @USER @USER @USER @USER @USER @USER Don't understand your logic. Anyways this is going nowhere. This to me is not acceptable. Maybe you are ok with it.  URL,OFF,TIN,IND
0,87686,Who does your hair? Only asking as my pussy is getting bald and I am thinking of trying some new comb-over to hide the worst of it.  #oldageproblems #MAGA URL,OFF,TIN,OTH
0,61361,@USER I think it‚Äôs ok to say ‚ÄúI disagree with Bernie on some military spending and find his record on gun control troubling‚Äù but still support him.,NOT,NULL,NULL
0,32534,@USER @USER He is such a con apparently finds are running lowüòè,OFF,TIN,IND
0,61183,@USER Students have voices Melania? Then why does your husband want to shut up students like @USER when he‚Äôs trying to help our Country with gun control!,NOT,NULL,NULL
0,49858,@USER 2 ways for President Trump to lose in 2020. Gun control and an immigration bill with no wall.,OFF,TIN,IND
0,61599,@USER @USER She is a lying leftist!,OFF,TIN,IND
0,43188,@USER @USER @USER That's why what she did was an ANTIFA style attack. Abusive method meant to bully opposition into silence for control,OFF,UNT,NULL
0,43150,@USER He too is afraid his backstabbing deeds will be discovered and made public undermining the entire farce of the Obama administration,OFF,TIN,IND
0,75215,@USER @USER She is useless.  Attempts to do the right thing but never follows through.,OFF,TIN,IND
0,54449,@USER @USER Why are you wasting time replying on twitter (trolling) on behalf of people making under that amount?  Seems like someone is just a propaganda pusher...or likes gloating to other #MAGA's that they got screwed by Trump. URL,OFF,TIN,IND
0,56181,@USER Thank you Ms Desanctis! I'm comforted that not all conservatives are letting their ambition blind their conscience. Sexual assault/harassment has been a plague on society for centuries - that should NOT make it a conservative or traditionalist cause!,OFF,TIN,GRP
0,63235,#HanoiJane Fonda Campaigns for Gun Control Measure; Will it Backfire? -   Liberty Park Press URL,OFF,TIN,OTH
0,56974,"""@USER üè¥‚Äç‚ò†Ô∏è This Deplorable"""" from the """"Dregs of Society"""" says #PUBLIC_EXECUTIONS WILL MAKE CRIMINALS THINK HARDER ABOUT BEING POLITICIANS‚ÄºÔ∏è #MAGA #WWG1WGA #QAnon #DrainTheSwamp #DrainTheDeepState""""""",OFF,TIN,GRP
0,83491,AntiFa fascists and Socialists are one and the same......time to respond ! URL,OFF,TIN,OTH
0,13316,"""@USER @USER Communists: Liberals get the bullet, too.""""  Me: """"Wow f*ck you!""""  Communists: """"You are excluding instead of unifying.""""""""""",OFF,TIN,GRP
0,81184,@USER Hey why don‚Äôt you look at what Keith Elison of Minnesota get off your bully pulpit and do a investigation into his past abuse or do you just CHEERY PICK ‚Ä¶‚Ä¶!!!,OFF,TIN,OTH
0,99645,@USER @USER @USER @USER @USER The stats from that are skewed. They considered ‚Äúschool shootings‚Äù a wide range that most didn‚Äôt even include a school. Just another fake stat to push gun control.,NOT,NULL,NULL
0,43312,@USER @USER I wouldn‚Äôt trust Chuck Schumer ever. He‚Äôs a liar and the president doesn‚Äôt trust him either.,OFF,TIN,IND
0,67248,@USER @USER yes he is,OFF,UNT,NULL
0,88262,@USER He didn't just lose his talent. He battled demons &amp; played on an embarrassment of a franchise. He is now in an ideal situation. I believe he is still an elite WR but I guess only time will tell.,NOT,NULL,NULL
0,84668,@USER Why did Feinstein give grieving Parkland gun control nut parent Guttenburg a full pass to get to Kavanaugh? It threw the Body Guard into full protection mode. Guttenburg hates Trump and Kavanaugh and threatened on his site and blames them for his daughters death.,NOT,NULL,NULL
0,95678,@USER Bono... who cares. Soon people will understand that they gain nothing from following a phony celebrity. Become a Leader of your people instead or help and support your fellow countrymen.,NOT,NULL,NULL
0,31129,@USER @USER @USER @USER Pittsburgh sucks kek,NOT,NULL,NULL
0,24944,#TheresaMay videos in an effing scarf causing vomiting to anyone with a brain ..  Is likely because all the #whiteprivilege people she's made #homeless been replaced with #Muslims who will vote #Corbyn  #MAGA #MBGA #MCGA #MEGA #Conservatives #Patriots,NOT,NULL,NULL
0,14424,@USER #Conservatives #Republicans are #TRAITORS to #America,OFF,TIN,GRP
0,52155,"""@USER @USER @USER @USER @USER Also.  These antifa"""" and from hence shall be referred to as anqueefa by mesel.  They pretty much all live with Mommy.  In the basement which is why they wear masks.  Then mommy can't ground em""""""",NOT,NULL,NULL
0,67235,@USER @USER California is a state. In the USA. How stupid do you have to be to think there is gun control?,NOT,NULL,NULL
0,52878,@USER @USER WTH Dude!!! Seriously..... you are going to CRITIQUE THIS?!?  Take your sorry liberal self to an Antifa protest,OFF,TIN,IND
0,47224,@USER @USER @USER @USER Police reform yes. We should try that. Gun control? We‚Äôve tried that over and over again. It doesn‚Äôt work. But maybe it‚Äôs like socialism or communism. We just haven‚Äôt done it right yet. /Sarcasm,OFF,UNT,NULL
0,98740,@USER Has any ex Obama administration personal not yet?  See a pattern here folks!  Their actually doing this publicly. The msm is their partner in this treason.  It‚Äôs a attempted coup d'etat!!!,OFF,UNT,NULL
0,93553,@USER You are. But you are also sick and that alerts my doctor side.,NOT,NULL,NULL
0,86236,@USER @USER 'Unintentionally' u fukin pedo.,OFF,UNT,NULL
0,39320,@USER Liberals that think the world owes them a living.,OFF,TIN,OTH
0,61533,@USER ajsjjsjdkkdjdk i want him so much he‚Äôd literally tell me to die and i‚Äôd obey him,OFF,TIN,GRP
0,86477,@USER @USER @USER @USER @USER @USER @USER @USER @USER It does work. If you want to control a population.  Australian gun control had no effect on homicides.,OFF,TIN,OTH
0,20770,@USER @USER Queen Of Rap üòõ Other Bitches can knot relate,OFF,TIN,IND
0,18952,@USER Ulster unionists care nothing for conservatives whom reciprocate in kind. A Terrible partnership where true leadership and negotiation was needed. Irish border if hardened will result in lives being lost ... once more.,NOT,NULL,NULL
0,47804,@USER But not as despicable as her own.,OFF,TIN,IND
0,21970,"""Judicial Watch Sues for Records of FBI 302 Interviews with Demoted Justice Department Official Bruce Ohr""""  URL #TCOT #MAGA #RedNationRising""""""",OFF,TIN,OTH
0,62169,@USER Oppression... We need to start a movement.   Could be worse they could be Antifa dogs :),OFF,TIN,GRP
0,16803,@USER @USER @USER @USER Ron DeSantis' cheesy ass MAGA commercials were cringeworthy.,NOT,NULL,NULL
0,38827,@USER A Democrat tried to stab a Republican congressman-a Democrat shot congressman Scalise and tried to kill everybody around him-Democrats are beating up Republicans and denying them the right to speak-we know who the Democrats are and they are not Americans,OFF,TIN,IND
0,24354,@USER He and Obama must be copying each other does any democrat have their own thought PLEASE !!!,OFF,TIN,GRP
0,57652,@USER GUN CONTROL WILL NOT STOP GUN VIOLENCE  !!!,OFF,TIN,IND
0,59041,@USER @USER I'll defend him. I think the CA professor is a lying liberals pile of horse dung. There.,NOT,NULL,NULL
0,36883,@USER Don't you have to weigh under 200 lbs to be considered a 'porn star'?,OFF,TIN,IND
0,48236,@USER @USER @USER No I don‚Äôt know that nor do you....in fact a claim like that is bullshit. Imagine if we had never enacted clean air regulations years ago in the U.S....but wait! YOU DON‚ÄôT HAVE TO IMAGINE...just look at the air quality in China!! That‚Äôs what pisses me off about you conservatives,OFF,TIN,GRP
0,56813,@USER @USER No Kim you are a failure and your whole life has been,OFF,TIN,IND
0,97783,@USER @USER achichincle lamebotas!,OFF,TIN,IND
0,33043,@USER What‚Äôs next... -Mr. Hooper is retconned as a pedophile -Grover becomes trans -Barkley is neutered -Big Bird is put on meds to stop seeing Snuffy -Oscar shoots heroin -Elmo now member of the church of satan -Telly joins ANTIFA -Zoe has abortion -Kermit labeled hate symbol by SPLC URL,NOT,NULL,NULL
0,53564,@USER Anarchist Nefarious Treason Invading Free America = ANTIFA.,OFF,TIN,GRP
0,63524,"""@USER @USER @USER @USER @USER @USER @USER This women is a vile example of the far left lunacy. She is using the Alinsky, Rules for Radicals Handbook."""" No matter what u have to do, (lie,steal,use violence etc. )u must destroy the conservatives. They lack character &amp; have no moral code.""""""",OFF,TIN,GRP
0,98659,@USER Creepy,OFF,UNT,NULL
0,44861,@USER re Ford when she was 15 where were her parents. Are liberals/corrupt politicians All going collude with people to come up with stories from Years ago that can't be proved.  And to the Senator from Hawaii she's the reason women have a hard time. Life ain't easy.,OFF,TIN,GRP
0,91156,@USER He needs to be placed naked in the stocks in Stockholm while the Swedish people Sik heil his backside.,OFF,TIN,IND
0,29695,#prouduncle üòç she is the finest cheerleader of them allüíô te amo stinky buttüíù URL,OFF,TIN,IND
0,51900,@USER Shame she is noting but professionalism she has one and day and everyone wants to judge,NOT,NULL,NULL
0,19514,Shouldn't pussy grabbing @USER be the one wearing the gloves while handling food? #MAGA URL,OFF,TIN,IND
0,78650,@USER Funny that even the woman that brought Roe vs. Wade to the #SCOTUS regretted it later. It was one thing to have a medical emergency that required an abortion (though rare) &amp; another to have liberals celebrating killing their unborn children &amp; pretending it's health care.,OFF,TIN,GRP
0,25373,@USER He is about as useless as a tit on a hog just saying üòé,OFF,UNT,NULL
0,88326,@USER @USER she is getting death threats....can you go and be a shield for her so you don‚Äôt have to wait?,OFF,TIN,IND
0,21614,@USER @USER No people died because officials robbed n didn't do their jobs,OFF,TIN,OTH
0,49939,@USER Not if you are from Wisconsin. And it‚Äôs a bubbler. And duck duck goose.,OFF,TIN,IND
0,14726,@USER @USER @USER That's expected if you placate the violent leftists/terrorists. #KavanaughConfirmation #woke,OFF,TIN,GRP
0,55346,@USER @USER He‚Äôs a bitter Barn Inbred. URL,OFF,TIN,IND
0,45720,"""@USER If anything, wouldn't that be a State Law?  He's running for Federal Office.  @USER thinks Texans are morons...about this and illegally claiming to be a government office and sending out summons"""" for money. #maga #Texans""""""",OFF,TIN,GRP
0,73571,@USER @USER Trump is maga,OFF,TIN,IND
0,95477,@USER to quit sex?,OFF,UNT,NULL
0,48544,@USER He is right though... you do have a whiff,OFF,TIN,IND
0,98013,@USER @USER @USER @USER @USER @USER @USER @USER @USER @USER @USER @USER @USER @USER @USER @USER @USER Retweet to the end of time. MAGA Trump2020 and beyond.,OFF,TIN,IND
0,28483,"""@USER My favorite part is where left leaning people say we should believe all accusations at face value when it comes to sexual misconduct but not when it comes to Keith Ellison. Also I'm a Buddhist who's skeptical, thanks for adding to the all conservatives are Christian"""" stereotype.""""""",OFF,TIN,IND
0,25007,@USER @USER @USER Says the fat Antifa member,OFF,TIN,IND
0,50411,@USER HOW COME LIBERALS DONT QUESTION This ?,OFF,UNT,NULL
0,60014,@USER @USER @USER @USER Liberals need better trolls than this aunty. Calling someone a liar on losing is what you resort to when you are in 2nd grade. URL,NOT,NULL,NULL
0,52720,Kanye been cancel the moment he said slavery a choice and rock a maga hat #ImWithSnoop,OFF,UNT,NULL
0,25259,@USER Ouch. She is horrible.,OFF,TIN,IND
0,60631,"""@USER I'm pretty sure most of your #MAGA supporters do not have any new found wealth"""". I assume you're referring to your fellow billionaires that you gave a huge tax break to.""""""",OFF,TIN,GRP
0,62665,@USER @USER @USER This is why Chicago  won‚Äôt enforce gun laws on the books or go into these neighborhoods These murders are planned by gun control liberals so as to pass very strict or even confiscation of guns. Black Luves do not matter to these liberals trying to pass their agenda. 2 Admendment,OFF,TIN,GRP
0,65605,@USER So these Parkland students are a joke they were hijacked from Sanity by these gun control freakazoids at the get-go and their parents let them,NOT,NULL,NULL
0,92540,@USER @USER üòÇü§£üòÇü§£üòÇüëçüëå thats a good one. I never knew Antifa were such badasses.üòÇüòÇüòÇüòÇüëç you need your own comedy special ü§£üòÇü§£üòÇ,NOT,NULL,NULL
0,42410,@USER @USER Feinstein wanted to delay until after the midterms.  Hopefully the RED wave will wash her into the Atlantic. #MAGA,OFF,TIN,IND
0,22144,@USER @USER Even her brother thinks she is a monster: URL,OFF,UNT,NULL
0,68767,@USER Proud. Shit is fire no matter what weather you‚Äôre in. No matter if your house temperature is high or low. Everyone‚Äôs just too pussy to get in the water for 1 min. Cuz after that you get used to the temp,OFF,UNT,NULL
0,40807,@USER @USER @USER @USER Like no one has ever crossed the floor to the liberals. #Hypocrite,NOT,NULL,NULL
0,10414,@USER @USER @USER He. Is. A. Sociopath.  They are incapable of feeling empathy. Period.,OFF,TIN,IND
0,27540,@USER @USER What difference does it make if the gun death was a ‚Äúfight‚Äù or ‚Äúrandom‚Äù! Holding parents accountable could be part of gun control legislation. Write you Congressional representatives and demand it! Until Congress deals w/ gun violence it will continue &amp; ALL Americans are at risk!,OFF,TIN,OTH
0,11950,Just vote for god sake and move on.  It be a non issue in 3 months. Do not allow libtards to veer you into the trap.  Harden the fuck up and let‚Äôs go! Seriously  #Kavanagh  #scotus  #maga,OFF,TIN,IND
0,64837,@USER Eric Holder should be in PRISON !!,OFF,TIN,IND
0,49763,"""@USER Dear Paul McFartney-  You had us at Beatles.  You lost us at President Mad Captain.  Burn in hell-  Jon."""" URL""",OFF,TIN,IND
0,18740,@USER @USER From who? People from ANTIFA who r mad at her? We vote libs assault! But SHES LYING so I don‚Äôt care!! MAGA KAVA,NOT,NULL,NULL
0,39777,@USER you know Scott does not care about gun control. He has done nothing to help our children fight For gun valance stoppage in America. Vote to help our kids in school. Vote DEM. Trump lied to them with him .,OFF,TIN,IND
0,74908,@USER Carrey is truly mentally ill.  He‚Äôs completely disturbed with no concept of reality.,NOT,NULL,NULL
0,51513,@USER @USER Good grief. So this is how we calm antifa people?  Throw chicken nuggets at them?  How ridiculous are they?  I‚Äôd think it was funny if it wasn‚Äôt rewarding bad behavior.,NOT,NULL,NULL
0,75566,@USER @USER @USER Thanks for the resistance boycott any means nessasary losers they Hollywood MSM Rinos Google Facebook and Twitter China Jack Black haters ANTIFA are ruining our country enough we need a wall,NOT,NULL,NULL
0,64429,@USER I mean it worked for gun control right? URL,OFF,TIN,GRP
0,40470,@USER @USER Except for the little attempted rape thing he is just a wonderful guy,OFF,TIN,IND
0,20919,@USER Could CBC get liberals to tell us the definition of middle class? They don't seem to know.  Also MPs use the term ordinary canadians.  Are these born Canadians?  Special are boarder crossers? I would love an answer.  Liberals are in mute on this point.  Butthead has not told them,NOT,NULL,NULL
0,66938,@USER @USER Hysterical liberals following Don Jr. No facts just liberal mouthpieces.,OFF,TIN,IND
0,26623,@USER @USER @USER So many issues facing Australian voters but the single obsession of Australian Conservatives is bullying transgender children... URL,OFF,TIN,GRP
0,51664,@USER He is toxic even for alligators,OFF,TIN,IND
0,27429,@USER Pussy,OFF,UNT,NULL
0,19435,@USER Damn he fell victim to a little thing called TOS much like the ones on his own site URL URL,OFF,UNT,NULL
0,62905,@USER But they‚Äôre still the number one Fake News Network.,OFF,TIN,OTH
0,69972,@USER @USER @USER What part of NO COLLUSION don't you get??? This is why you are a dumocrat,OFF,TIN,IND
0,53375,@USER I can't wait for Kavanaugh to throw gun control in the garbage can where it belongs.,OFF,TIN,IND
0,40154,INTERRUPTING HIS HEARING AT EVERY TURN! BUT THATS OK HE IS A MAN AND CAN TAKE IT! AT LEAST HE WILL REMEMBER WHO WHAT WHEN AND WHERE HE WAS! AFTER THIS KAVANAUGH WILL HAVE DEFINITELY EARNED HIS STRIPES TO SCOTUS!  MAGA!,OFF,TIN,IND
0,42343,@USER @USER @USER @USER @USER @USER @USER @USER @USER @USER NS liberals will sell out fishermen in a heartbeat. These N.S. Liberals are probably in line looking for private sector handouts. Big money tied to Kameron Coal. @USER don‚Äôt care about Nova Scotians. Look at health and education. Fisheries next?,OFF,TIN,GRP
0,96952,@USER üò≠üò≠üò≠üò≠ he is terrible üÜó,OFF,TIN,IND
0,65270,@USER I hope that ENTIRE police department gets shut the f*ck down!Obviously you all feel like you're above the law.Obviously you are incapable of holding your OWN accountable for breaking the law.Obviously you undermine everything a police officer&amp;dept are SUPPOSED to be/do. Shameful!,OFF,TIN,OTH
0,46310,@USER So this is how Antifa finally dies? By commiting suicide? Nice.,OFF,TIN,IND
0,18365,@USER Most men are decent and respectful so how is it that the so-called conservatives have such a knack for finding and elevating sexual predators?,OFF,UNT,NULL
0,15568,üá∫üá∏  FOR SALE  -  BUY #American #Flag #USA   ‚ñ∂  Shopping-Sale .org  ‚óÄ   #USA_Flag_4U #Shop_8_9 #MAGA #AmericaFirst @USER #Trump #POL_8_27_QX URL,OFF,TIN,IND
0,51341,@USER He a lunatic democrats politicians like antifa George Soros think there money talk but it lunatic dung money dam money they have pay me in gold,OFF,TIN,IND
0,60518,@USER please don‚Äôt make the same mistake with #Kavanaugh! He is a perjurer who is also a Trump lackey. #VoteNoOnKavanaugh URL,OFF,TIN,IND
0,51521,@USER I do not need a female packing a weapon for my protection. Not my kind of girl. If you need that much protection You are in the wrong place.,OFF,TIN,IND
0,52028,"""@USER @USER reading when the letter doesn't say that they know Ford. Unlike the Kavanaugh letter where the women say they do him. The left wing"""" liberals aren't threatening this woman's life.""""""",NOT,NULL,NULL
0,97912,@USER Why are you telling them to not do this? I encourage Antifa shits to try this and get dropped. Less of them the better.,OFF,TIN,IND
0,47749,"""@USER Well remember how the cops in San Jose stood down"""" and watched as antifa thugs armed with bats,bottles &amp; pepper spray attacked Trump rally goers?  They were """"just following orders"""".  That's what most soldiers &amp; cops do. Soldiers follow orders &amp; cops protect their paycheck.  SAD.""""""",OFF,TIN,GRP
0,45236,@USER David stop it with your logical connections.... True journalists like you are not in vogue..,OFF,TIN,OTH
0,56303,"""@USER @USER The term negative knowledge"""" strikes me, when knowledge is sucked away and information goes into reverse -- away from the recipient.""""""",OFF,UNT,NULL
0,67852,@USER @USER @USER Okay violent liberal ANTIFA with your KKK hoods beating up strangers you know nothing about!,OFF,TIN,IND
0,87555,"""4./presumably you think liberals,"""" are as trivial as women and their complaining. You wonder why Dr. Ford does not want to surrender herself to such a harrowing experience before you all? @USER @USER @USER @USER @USER @USER @USER""",OFF,TIN,IND
0,29839,@USER Alternative: people died in PR because of a freakin HURRICANE you half wit,OFF,TIN,IND
0,56391,@USER It really is. My abs are lot more defined but I miss lifting heavy ass weight. Thank you girl!,OFF,UNT,NULL
0,50330,@USER Creepy old pedo desperately trying to be relevant. Just an old guy from the old world which Trump has shattered.,OFF,TIN,IND
0,35109,@USER @USER @USER I'm sure she's worried. Give me a break. Dana is doing a job. You know where u make a living and pay for your own Healthcare etc. You dirt bags that don't even shower crying about gun control should try it.,OFF,TIN,IND
0,17581,@USER She is the size of a stadium,OFF,TIN,IND
0,80511,@USER @USER @USER @USER ‚ÄúSpotty gun control‚Äù and ‚Äúno internal borders‚Äùis my point. Every gun sale in Cali has to go through a FFL. It‚Äôs illegal to buy them out of state. It‚Äôs illegal for gang members in Chicago to get guns out of state. As far as a nationwide ban how‚Äôs that drug war working out for you?,NOT,NULL,NULL
0,67720,@USER @USER @USER The deception and dirty tricks happened when @USER refused protocol and stole a SCOTUS seat from Obama.  Conservatives love to fight dirty but then cry foul when others call them on it or play hardball right back at them.  Bunch of pussies.  #MerrickGarland  #Resist,OFF,TIN,OTH
0,65820,"""@USER üòÇüòÇüòÇüòÇüòÇ Her rights of threatening to destroy the lives and careers of some teens through her connections"""" when they made a meme on her. In India too, only Leftists, Liberals and Islamists have FOE. Rest all is hate speech.""""""",NOT,NULL,NULL
0,62243,@USER So happy for you and your dad!!! My dad had the same kind of cancer but stage 4. He was diagnosed in 2016 and passed away this passed January. My mom is kicking leukemia‚Äôs ass since Nov. of 2015 and she is doing awesome!,NOT,NULL,NULL
0,93224,@USER Wish to suck angel cookie....,NOT,NULL,NULL
0,68181,@USER @USER When tRUmp posts shit like this you know that he is distracting from something else that is going on. #Distractification,OFF,TIN,IND
0,81547,@USER @USER @USER This is what is driving conservatives crazy. A GOP that won't stand against a dirty liberal mob. #WakeUpStandUpSpeakUp,NOT,NULL,NULL
0,51128,@USER @USER @USER @USER @USER @USER @USER is clearly racist and anti senior citizen. How do you allow this? Conservatives will never take you seriously if you don't start being fair.,OFF,TIN,OTH
0,18057,5 slain in Southern California shootings; gunman kills self (from @USER Another mass shooting.   When will we learn that it‚Äôs past time to do something about gun control? URL,NOT,NULL,NULL
0,68305,@USER #IWillNotSubmit to Accuser Leftist Liberals DemonRats Plantations Mind Control Agenda! Globalist puppet! #MeToo Movement Hollyweird #SnowFlakes #Pedowood was SCUM! URL,OFF,TIN,IND
0,24555,@USER @USER You are devaluing everyone's opinion on the Independent article whom agrees with me by saying they are disgruntled students or bots. Just because they don't put Dr. In their Twitter name it doesn't mean they haven't done 'deeply important research' as you fondly put it.,OFF,TIN,GRP
0,36568,Thank you for standing for DECENCY.  The liberal left is up to its same OLD tactics.  LIES at 11th hour from LEFTY Liberal haters.  This story stinks from outside in @USER #MAGA #tcot @USER @USER @USER @USER @USER @USER @USER URL,OFF,TIN,OTH
0,23482,@USER @USER here is a guy who was invited to speak at a McCain funeral.  #NeverTrump ers are as sick as #AntiFA  @USER    @USER,NOT,NULL,NULL
0,55485,"""@USER I just said that very same thing. That Christians"""" create a life/death for Dr. Ford or Stormy Daniels who tell their stories, but I don't see (not counting Antifa) that happening from us to them. It's so weird.  Not very Christ-like of them, at the least of it, and so vile, etc""""""",NOT,NULL,NULL
0,88923,@USER tbh it catchy as fuck tho,NOT,NULL,NULL
0,30471,@USER noticed you broke away as soon as the senate started talking about the great 4.2 growth rate and salary increases for employees.  Your station is so crooked!!!!   Also negative on the conservatives and praise the liberals!  #DrainTheDeepState #crookedmedia,OFF,TIN,GRP
0,59332,@USER @USER You don‚Äôt believe this is true fact and AC360 commentary on your tweet. Let say he is wrong in reference to Florence. But is he correct on you NOT visiting any  impacted areas. How long you will fool your base fans.  Grow up.,NOT,NULL,NULL
0,89889,All Trump's and Pense 2020 merch is being made is China and not the USA.    ...maga ??   #VoteThemOut2018  #TrumpsArmy URL,OFF,TIN,IND
0,13725,@USER And these are the *people pushing for gun control üòí,OFF,TIN,IND
0,49029,@USER @USER Liberals have always wanted to get their hands in your wallet and and now they want to get them in your pants.,NOT,NULL,NULL
0,49887,@USER @USER @USER @USER Red roses swarm.   Conservatives pounce.   We need our own verb.,OFF,TIN,IND
0,10087,@USER Gorgeous! And those tits are KILLER! ‚ù§Ô∏è,OFF,TIN,IND
0,46159,"""@USER Ya  Obama on trade  2-YEARS AGO:  Trump is just NOT TELLING THE TRUTH""""  """"How STUPID could our leaders be"""" Trump  God bless Trump! #MAGA #KAG .. (Full Link+Trump's ANSWER URL""",OFF,TIN,IND
0,27502,@USER @USER @USER @USER So he is misogynistic cause his opinion is different?? I guess that makes you a bigot!,OFF,TIN,IND
0,91171,@USER @USER The problem for May is how it will devastate her government &amp; party. The ERG will go bonkers &amp; try to stop a second vote. Result chaos.  Many Conservatives fear this will totally destroy the party. But repressing it WILL.,NOT,NULL,NULL
0,41131,@USER @USER @USER Check this ad out. Super creepy  People are pointing out a disturbing problem with this Republican election ad URL,OFF,TIN,GRP
0,63792,(2020 election season)  Trump: my dick is the most magnificent dick. Just tremendous.   Leftists: prove it you Russian puppet!  Trump: *whips dick out in fit of senility*  Conservatives: *vote Trump to victory*,OFF,TIN,IND
0,83095,@USER i BREATGE in kpop stan u nigger,OFF,TIN,GRP
0,49864,@USER @USER He is nothing but a left wing unhinged liberal jerk!!!  He needs to shut the F-up!!! 8yrsof him was a life time of BS!!!!,OFF,TIN,IND
0,69455,@USER @USER @USER @USER @USER @USER @USER @USER @USER @USER @USER @USER @USER @USER @USER @USER @USER @USER @USER @USER @USER @USER @USER @USER @USER @USER @USER @USER @USER @USER @USER @USER @USER @USER @USER @USER @USER @USER @USER @USER @USER @USER @USER @USER @USER @USER @USER @USER @USER @USER Or there is a completely reasonable explanation why our own F@USER GOV‚ÄôT lied to its peeps about a plane hitting the pentagon which is clearly a missile......... üëáüèºüëáüèºüëáüèºüëáüèºüëáüèºüëáüèºüëáüèºüëáüèºüëáüèº URL,OFF,TIN,OTH
0,20599,"""@USER JUST LIKE A PLANTATION, White Liberals have Black people under their thumb and any Black person that tries to get out from under their Old Order"""" is considered one of them uppity Negroes, too smart fer his britches. They get all the other good lil Negroes to teach em a lesson.""""""",OFF,TIN,GRP
0,62224,A Divided Self or ‚ÄúMy Name is Legion‚Äù  Demon possession overall is marked by a loss of freedom.  The Gadarenes are Us URL  #ergnews #antinazigr #antifagr #antifa #Stopthehate #GoldenDawn #GDtrial #JesusChrist #JesusSaves #JesusIsLord #JesusIsGod #prayers #hope URL,OFF,TIN,IND
0,84265,@USER @USER And you support the right using Antifa tactics in other words the tactics of a domestic terrorist group.,OFF,TIN,IND
0,42557,@USER @USER @USER He is a big lump of ‚Äî-I agree 100%,OFF,TIN,IND
0,23354,@USER @USER @USER @USER @USER Not strict enough? So in your world of stricter gun control shall the military go door to door siezing firearms from thos not willing to give them up.?,NOT,NULL,NULL
0,37603,@USER Because claims if sex assault and rape are only political weapons to them.,NOT,NULL,NULL
0,44910,@USER @USER @USER @USER You are a boring individual. Its seems good too me,OFF,TIN,IND
0,21767,@USER @USER @USER He didn't pay a money for his accounts and stuff.  So he is now a stranger.  And everything it is because of his obsession for Sonic.  I hope that he dies there.,OFF,TIN,IND
0,78129,@USER All this division in our nation is utter nonsense.,OFF,TIN,OTH
0,68316,@USER @USER @USER reckon he is upset about Wacky Wednesdays because the boys told him it was absolutely going to be a Mad Monday this time?,OFF,TIN,IND
0,30188,.@USER They both want you to believe in yourself and to do your own research to discover the truth. They want people to see 100% of the big picture (not just the 50% found on #FakeNews that leads people into their echo chambers). #Censorship of #Conservatives is a bad idea! URL,NOT,NULL,NULL
0,46158,@USER @USER @USER Silly rabbit üêá laws and rules aren‚Äôt for liberals.,OFF,TIN,OTH
0,73814,@USER ...with his stubby little arm.,OFF,TIN,IND
0,25385,@USER @USER @USER Yep. I was at Yale law school as well..  He also mentioned at one point that he could pee his name in the snow and that groping someone against their will while holding them down and choking them was ‚Äúboys being boys‚Äù. NBD. #MoronsAreGoverningAmerica #MAGA #Kavanaugh,OFF,TIN,GRP
0,98731,After the twitter purge was over and black nba twitter changed their accounts back from MAGA white folk URL,OFF,TIN,GRP
0,66257,@USER The woman is not accusing Kavanaugh of stealing her lunch money. She is accusing him of assault. He needs to take responsibility.,NOT,NULL,NULL
0,27599,@USER Hollywood is full of demonic democrats.,OFF,TIN,OTH
0,76858,@USER There is a rumbling that's starting to bubble. Dems aren't listening . They're  barrelling on. Mistake. Dems seriously need to stop and listen. There is a rage building like I've never seen. The silence of Conservatives and Republicans is becoming deafening. Dems need to listen.,NOT,NULL,NULL
0,14608,@USER @USER @USER Good. We don‚Äôt want your vote. Why don‚Äôt you want to see the corruption? It shouldn‚Äôt matter what side you are on! Shame on you!,NOT,NULL,NULL
0,11437,@USER Also ‚Äúthe left calls anyone it doesn‚Äôt like fascist‚Äù  &gt;Calls everyone on the left Antifa.,NOT,NULL,NULL
0,93956,@USER @USER Yeah. He‚Äôs very immature &amp; can dish out criticism while crying and blocking instead of accepting any. It‚Äôs cool. Folks can see him for who he is mostly.,OFF,TIN,IND
0,50073,@USER I thought it was because you weren't very funny and lacked in talent as a comedian.,OFF,TIN,IND
0,77521,@USER who in America isn't grateful to our military?!?!? Her husband didn't die on the battle field...he died at home!! She should be fighting for gun control and stronger laws regarding mental illness! @USER is about police brutality...she should educate herself on the issues,OFF,TIN,OTH
0,46541,@USER Brave enough to say it?! Your late to the party fat boy. Ppl been calling POTUS a nazi for a while now. Smh,NOT,NULL,NULL
0,26869,@USER @USER @USER Isis apparently obama let them run the world. Getting nuked by korea? BLM destroying cities. Antifa?,OFF,TIN,IND
0,33745,@USER @USER @USER @USER @USER @USER @USER Gun control is racist. URL,OFF,TIN,OTH
0,49178,@USER Its amazing that these DemoRats are elected to any public office! Their total disregard of the US Constitution and due process is abhorrent. They hung this woman out to dry and the woman refuses to come foward and its the Conservatives fault,OFF,TIN,GRP
0,95965,@USER A foolish statement from a church leader frightens you?  You are way too easily frightened!  I appreciate that you don't like @USER - but it's not as though other religious leaders never say anything foolish.  Even you.,NOT,NULL,NULL
0,90882,@USER @USER quit being a fig and stop allowing violence against conservatives on your platform,NOT,NULL,NULL
0,69790,231 years later the liberals wants to do away with it. URL,OFF,TIN,IND
0,48537,@USER Well sure she would lend her support to the lying heifer making the false accusations. She has no more intelligence than the rest of the liberals acting out sombody!,OFF,TIN,IND
0,78718,@USER Credible only to looney liberals,NOT,NULL,NULL
0,91875,@USER nigga bouta go direct traffic w style,NOT,NULL,NULL
0,12754,@USER He's got his wee fake tap fae Turkey on to prove how loyal he is.,OFF,TIN,OTH
0,12987,. @USER tells us she is an unserious attention seeker  URL  #iphone @USER @USER @USER,OFF,TIN,IND
0,47815,#DownwiththeDemocrats!!! #DemocratsHateAmerica #DemocratsAreDangerous #VoteDemsOut #VoteRedToSaveAmerica from the Loco Liberals &amp; TDS  Let All True #Conservatives &amp; ALL who chose to #WalkAway prove that #LiberalismIsAMentalDisorder and needs to squashed like a Bug!!! #VoteRed2018 URL,OFF,UNT,NULL
0,26787,@USER why no witnesses? She reported it AT THE TIME! It‚Äôs obvious the truth isn‚Äôt your priority. There are other qualified conservatives judges. Why push him? Is it because your ‚Äúpresident‚Äù is in legal jeopardy &amp; this Judge believes a sitting POTUS is untouchable? URL,OFF,TIN,IND
0,21932,@USER @USER @USER @USER @USER That's my biggest question. Do we just widdle away until there is no 2nd amendment left? I do believe in some limited gun control but im worried we will be expected to just keep giving into the gun haters.,OFF,TIN,GRP
0,58318,@USER Bite your vicious tongue!!,OFF,TIN,IND
0,31527,@USER He is quite good at faking. Must have done it numerous times,OFF,TIN,IND
0,68364,@USER @USER When a white man commits murder conservatives say he is mentally ill. If an immigrant commits murder they blame religion and nationality and smear an entire nation of people. Bigotry. URL,NOT,NULL,NULL
0,81801,@USER @USER @USER @USER @USER BS.  No we don't support gun control.  We support #2A that says SHALL NOT BE INFRINGED.  Go read some history and find out why.  You are part of the reason.,OFF,TIN,GRP
0,78871,@USER About 20 of them Motherfuckers ‚ÄºÔ∏è,OFF,TIN,IND
0,63169,@USER @USER i dont think moral psychology can fix the core problem. and using the David Brooks model to pander to the right wont fool them for long. URL i think the right embracing fascism to survive is a very real possibility,NOT,NULL,NULL
0,62156,@USER America will be better off once you retire Flakey Jeff Flake.  Go away.......,OFF,TIN,IND
0,18912,@USER @USER So let me get this straight they want us to hold off on the confirmation hearing for what? Polygraph is inadmissible. All to hear he said she said? Ford signs paper in trump case against illegal separations? And Cavanagh has just about every woman stating he is honorable. Vote ye,OFF,TIN,GRP
0,32705,@USER More misleading nonsense. It‚Äôs like you are incapable of straight News. Fake through and through.,OFF,TIN,OTH
0,23255,"""@USER @USER @USER Conservatives are whining"""". There, I fixed the typo for you.""""""",OFF,UNT,NULL
0,74550,@USER whoaaa that's amazing i wanna see her now üòù   also you are a kinky lil slut but ily,OFF,TIN,IND
0,82433,"""@USER Prime example of why the Walk Away"""" movement was born.  Democrats are nothing but sleezy liars. All decent people that were Democrats will not stand behind tactics like ANTIFA and destroying people's lives for political reasons. I was a Democrat for 30 years and I walked away.""""""",NOT,NULL,NULL
0,85971,@USER Man I hope I don‚Äôt die before Florence hits.. I heard he is going to be a great time!!,OFF,UNT,NULL
0,70272,@USER @USER Williams displayed her bad tempered side to the world and it is something she will probably always regret. I would say to her be ye never so high that you believe you are above the rules.,OFF,TIN,IND
0,47427,@USER No fucking way he said this!,NOT,NULL,NULL
0,15922,@USER @USER needs serious psychiatric help. This guy is an anger management bi polar psych 101 case study. URL,OFF,TIN,IND
0,29954,@USER He is speaking to the best of the best  With utter disrespect ~   Our law enforcement Ice Agents  all first responders  Low middle and high class of all races and religions   DISAGREE Mr #CreepyJoeBiden  GRAVY TRAIN IS OVER PUNK!  #JoeDontTouchSoMuch Biden dirty hand joe,OFF,TIN,IND
0,23522,@USER He was almost....ALMOST as bad as Obama!,OFF,TIN,IND
0,25145,@USER He is hurt and no one has checked on him!!!,OFF,TIN,GRP
0,17811,@USER HE IS A RUSSIAN SPY /HAVE RECEIVED MUCH MONEY FROM PUTIN.,OFF,TIN,IND
0,61831,@USER Another illegal,OFF,TIN,IND
0,70434,@USER Funny Human Rights He is  Pro Abortion That settles it He lies pacified deceives Playboy,OFF,TIN,IND
0,36520,.@USER won this round. Yucker ALWAYS interrupts his guests and it didn‚Äôt work this time. He is so rude. #MichaelAvenatti URL,OFF,TIN,IND
0,52261,@USER Because they are crates by the liberals  to save ANY kind of influence...,NOT,NULL,NULL
0,51746,@USER @USER So Alyssa you saying he‚Äôs guilty?  What ever happened to innocent before guilty?  And if he is innocent would you at least tweet an apology?  Shut up and answer the tweet.,OFF,TIN,IND
0,31104,"""@USER I'm tired off that piss poor excuse from conservatives"""" which is pretty much synonymous with """"bigot"""" nowadays. It's not fear they feel, it's shame. The same shame all hypocrites feel.""""""",NOT,NULL,NULL
0,92284,@USER @USER This unfortunately is the real way Democrats feel about Blacks! If they could they would put us all on the Plantation! Socialism is making citizens slaves to the Government! The Conservatives will never let that happen! This very kind of Treason is why we have the 2 Amendment!,OFF,TIN,GRP
0,94161,@USER @USER @USER @USER  how does helpmto buy help the homeless??  Oh. It doesn‚Äôt does it? How does it help@USER on low income??? Oh it doesn‚Äôt in Work poverty at an all time high. How does it help them?? Oh it doesn‚Äôt. Thanks for nothing,OFF,TIN,IND
0,93778,@USER You are an absolute dick üò°,OFF,TIN,IND
0,98724,@USER @USER @USER @USER Good grief!  That's a relief!  Now get rid of Antifa.,OFF,TIN,IND
0,11531,@USER @USER The argument will be made that the assault was decades ago and there have been no other complaints against Kavanaugh. But his lying in current and ongoing. That is enough to vote against him. He is now aligned with Trump in the way he handles accusations.,NOT,NULL,NULL
0,13611,@USER This is all political theater. Are liberals really that stupid to believe that the FBI investigates state crimes? Especially incidents that happened 36 years ago by a juvenile? This is nothing more than a tactic to delay Kavanaugh‚Äôs confirmation.,NOT,NULL,NULL
0,15353,@USER @USER @USER @USER @USER Odd. Stating opinions comes with an attack (cunt and assumption of a streamer using boobs for attention.) It was verbal diarrhea from a person who ought to know better.,OFF,TIN,IND
0,91440,@USER @USER @USER @USER @USER So tell me all about why you are simply rudeand racist. Was it your mother‚Ä¶?,OFF,TIN,IND
0,47995,@USER ü§∑üèº‚Äç‚ôÄÔ∏è that would be silly.,OFF,TIN,OTH
0,24516,@USER @USER Just like gun control will not keep guns from the hands of criminals....,OFF,TIN,IND
0,66048,#QAnon @USER #MAGA   For those who think nothing is happening! URL,OFF,TIN,IND
0,77225,@USER You are fake news,OFF,TIN,IND
0,17605,#KavanaughConfirmationHearings Crazy Dick Durbin using the confirmation hearings to try and push gun control. He is using this hearing to make speeches and push an agenda. The whole thing has been a circus of Democrats pushing an agenda while vowing to vote no on confirmation.,OFF,TIN,IND
0,61240,@USER I`m with you JR.She is nothing.Don`t waste your time on human waste!,OFF,TIN,IND
0,56426,@USER PG 6‚Äô6 pure shot creator.  You don‚Äôt need to speedboost in this game. If you are half-decent you should thrive with shot creators. They are known for draining (and greening) the most contested shit. YW!,NOT,NULL,NULL
0,28564,@USER Gun control . . . means being to hit what your aiming at! These elderly homeowner have great gun control!,OFF,TIN,GRP
0,18987,@USER Conservatives are so sick of these tactics by liberals. First there was Bork then there was Thomas. Republicans just keep taking it too...Trump won‚Äôt take it for long though. URL,OFF,TIN,GRP
0,44485,@USER Clarence Thomas was branded by Democrats but has served honorably and well for over 20 yrs. Haters are gonna hate all conservatives.,NOT,NULL,NULL
0,86962,@USER @USER She is just spewing sh*t Bernie's robot what a lie they will say &amp; do anything and what she is going to do for district 14 not a da*n thing Socialism don't work that way they suck all up.,OFF,TIN,IND
0,19314,@USER At least we now know why she is called princess toadstool,OFF,TIN,IND
0,13126,@USER me trying to avoid the freshman boys who hang out in my block and hit on me everyday URL,OFF,TIN,IND
0,58412,Pigeon Girl can also send pigeons to poop on all MAGA hats.,OFF,TIN,IND
0,67144,@USER Maxine is just a mean spirited woman. I can't imagine the demons she is dealing with to have that much hate &amp; craziness in her. #CrazyMaxine,OFF,TIN,IND
0,13498,@USER @USER @USER @USER @USER @USER @USER @USER Denial is a common defense by liberals.  He worked for fusion and with fusion.  And Michelle is a tranny I know you don‚Äôt like that but it‚Äôs true.  You can always deny like Obama but the truth explodes out. I pity u for believing the Dems like this how sad.  Go find a safe place.,NOT,NULL,NULL
0,95338,@USER Sometimes I get strong vibes from people and this man‚Äôs vibe is tens of millions of murders - he is more dangerous than DT.,OFF,TIN,IND
0,46948,@USER @USER Rampant crime? You mean Chicago a dem city that has the highest gun control of the country? Taking credit for a black man? Everything fell or stagnated with Obama. And caging brown families? Clinton Bush and Obama did it to a far worst extent. And thier illegal so whatever.,NOT,NULL,NULL
0,78479,*Finally at my sister's apartaments* Instant reminder that she is ungrateful brat and i'm much more happy without seeing her,OFF,TIN,IND
0,12178,@USER @USER Except he is. His administration has allowed crime in the city to skyrocket. You bloody leftist snake.,OFF,TIN,IND
0,31191,@USER @USER YOU should be FIRED... You are dead to the public for your FAKE NEWS Why don't you show him approaching the crowd? Scared ... If you can't stand the fire Get Out of the Kitchen....,OFF,TIN,IND
0,15834,@USER @USER So pointing at the umpire and calling him thief is berating and walking very fast toward an official and calling them f***ing moron is not? I think it is clear who needs help. You are a man perhaps?,OFF,TIN,IND
0,26402,@USER REST IN PUSSY,OFF,TIN,IND
0,59208,@USER 1st of all who trust the FBI to do a polygraph?I don't! She can pass it if she's a habitual liar.They have no fear or caring about what or who they lie about. She's probably a closet ANTIFA member.Insane to wait 30 yrs.If true others could have been hurt bc of her complancey.ü§¨,NOT,NULL,NULL
0,47238,@USER You are turd üíû,OFF,TIN,IND
0,22185,@USER @USER @USER i have heard he is making waves,OFF,TIN,IND
0,32580,@USER bITCHC IM UWUING,OFF,UNT,NULL
0,77575,@USER @USER We've had millions of people marching peacefully in the streets without incident. A small group of far left people got violent on a couple occasions when confronting alt-right hate groups. Antifa is not part of the Resistance any more than the KKK is part of the GOP. G'night.,NOT,NULL,NULL
0,60315,@USER @USER You are a disgrace,OFF,TIN,IND
0,48692,@USER @USER @USER You are such a lier and all for money. Nobody wants ‚Äú francoism‚Äù here in Spain! Except ppl like you and your fascists separatists friends to smoke screen all the money embezzlement here in Catalonia! Why all your friends are with Vlaams Belang? &amp;the Italian nazis? NAZI URL,OFF,TIN,IND
0,18097,"""...I'm smarter than he is, I would be fine, he can punch me all he wants and it wouldn't work... And by the way this wealthy New Yorker actually earned his money it wasn't a gift from Daddy""""  -Jamie Dimon üòé $JPM""""""",OFF,TIN,GRP
0,88225,@USER and it's funny as obama starting talking about gun control shootings started happening. Correlation-definitely so.,OFF,TIN,OTH
0,43083,.You cry baby liberals will have Trump for a total of EIGHJT GREAT YEARS!!! GET OVER IT. #MAGA URL,OFF,TIN,IND
0,90713,@USER @USER @USER I do have one more serious question though. I am wondering if liberal men actually have balls or is this a birth defect? What would ever happen if the left and right went at each other. LGBT be your front line??Antifa next??,NOT,NULL,NULL
0,73300,@USER @USER @USER @USER He totally dodged the question about how he is making millions of dollars off Stormy Daniels while she still has to strip to make a living. He is unethical.,OFF,TIN,IND
0,43768,@USER @USER I think @USER is corrupt a back biter and a snake,NOT,NULL,NULL
0,41114,@USER @USER Rescue conservatives from its own demons? Who are the two or three most notorious serial abusers of women in the last 30 years? Hint: they were not GOP. Did they ever face consequences?,OFF,TIN,GRP
0,87021,@USER @USER I'm waiting for the liberals to squeal that those sandwiches could feed poor families,OFF,TIN,IND
0,16985,@USER @USER It takes a 2sec Google search to see who this accuser is - I'll help the mindless uneducated liberals . URL,OFF,UNT,NULL
0,29176,@USER Hahaha... lunatic liberals are just too busy virtue signaling that they still don't get it. URL,OFF,TIN,GRP
0,79130,@USER @USER @USER God forbid construction workers would be able to earn a decent wage. Liberals want the working class poor and quiet.,OFF,TIN,GRP
0,27567,@USER @USER Yes I do! Because when he's grumpy he is impossible and he grunts and mumbles and shouts at whoever dares knock on the door of the man cave.... Even at the girls!  But when he's being good? No. Not really..üòä,NOT,NULL,NULL
0,40951,@USER @USER @USER @USER @USER I agree. Those antifa nutjobs should be arrested before they start trouble again,OFF,TIN,GRP
0,34316,@USER He is useless.   I hope he has plenty paper towels. Why can't he act like a grown up???,OFF,TIN,IND
0,64122,@USER @USER Umm she is a reporter asking a question. The Senator is acting like a baby. Is this really what adults act like? Shame on you CBS. Shame.,OFF,TIN,IND
0,76555,@USER I told you to stop eating my booty that day but nooooo,OFF,TIN,IND
0,55751,@USER What does a snot nose 18-year-old kid know? He‚Äôs just a loud mouth immature punk who the media has placed on a pedestal using to promote gun control. He is fed tag lines to spark controversy in order to bring attention to the gun control debate that he knows nothing about.,OFF,TIN,IND
0,98805,@USER @USER @USER @USER @USER @USER @USER This is why I have so little time for liberals and Democrats. Rather than allow democratic process they will deliberately attempt to subvert it to get what they want. Why should anyone believe the claims against Kavanaugh in the face of this. URL,NOT,NULL,NULL
0,43137,@USER  If you think Conservatives are going to believe a wacko liberal you are sadly mistaken.  We see right thru your lies.  Judge Kavanaugh is a great person and the best thing for this country.  You on the other hand are a disgrace to the United States &amp; women.,OFF,TIN,IND
0,83886,@USER @USER U a dickhead for thatüòÇ,OFF,TIN,IND
0,82751,And the Bull$hit just keep coming. So we're expected to just accept these allegations for their face value. The left swamp plot thickens. We need to out the offenders once and for all. #ConfirmKavanaugh #MAGA URL,OFF,TIN,IND
0,78884,@USER @USER @USER Not saying I disagree with you at all some of the far right stuff I‚Äôve been reading lately is disgusting. But would you also say groups like AntiFa should be banned and labelled as a terrorist organisation? They use violence and fear tactics too.,NOT,NULL,NULL
0,75815,@USER @USER Damn straight he is. Nothing but good vibes coming through November üíØüíØüíØüëçüèºüëçüèºüëçüèº,OFF,UNT,NULL
0,51555,@USER @USER of course you're anti-American and you won't leave.  You'll stay here because as an Antifa coward you can talk your nonsense with no fear of governmental reprisal.  You haven't left yet and you never will.,NOT,NULL,NULL
0,62612,@USER @USER @USER Why did the democrats have to jam far left liberal judges down conservatives throat? Every liberal judge should be investigated all the way back to grade school. The only lowlife here is you.,OFF,TIN,IND
0,99060,@USER A bunch of overpaid liberals whining about how horrible everything is. They should get together with NFL players and try getting a real job. Zero interest in them giving their friends pointless awards.,OFF,TIN,IND
0,72606,@USER His policies were the worst,OFF,TIN,IND
0,75611,@USER @USER @USER if she were a true Krishn bhakt she wouldn't even care about presence or absence of such laws... she would be above such issues... a typical Chandigarh mentality of one up manship she is caged in... call her anything but Krishn bhakt.. like who cares about what she is doing ...,OFF,UNT,NULL
0,45465,@USER Whenever you conservatives whine Kavanaugh is being appointed fast enough all I think of is Garland never getting a hearing for a year so just shhh hypocrites,NOT,NULL,NULL
0,55766,@USER could fund an entire school incl teachers‚Äô salaries and have then teach his own curriculum. Indoctrinating generations of youth however he sees fit...my gas tank on E rn,OFF,TIN,IND
0,88545,@USER @USER @USER I think she is implying that men don‚Äôt give birth!  How dare she,NOT,NULL,NULL
0,32463,@USER I‚Äôd rather be buried alive,OFF,UNT,NULL
0,31555,@USER @USER Ya niggas,NOT,NULL,NULL
0,37815,@USER Flawed logic. Some/many liberals would identify as Christian. Because this is America and that is the dominate religion. Look at some stats before you make overgeneralization. Take your crazy else where.,NOT,NULL,NULL
0,76554,@USER It's wild thinking about how Clive is minus one boypussy away from wrecking the whole town again,OFF,UNT,NULL
0,34017,@USER Destroying me???? Excuse me I beat you all the time why you bullshitting that?? Also I love you more üò§,OFF,TIN,IND
0,87269,@USER UK Govt non announcements are the only consistant and affordable policy under Labour or Conservatives for decades. Designed for a soundbite. No immediate resource required. Never likely to ever be implemented. Its propoganda but sadly it has its desired effect.,OFF,UNT,NULL
0,45136,@USER @USER I wonder which one is the Democrat and which is the Republican. The dude is now totally for gun control. üòÇ,OFF,TIN,OTH
0,30524,@USER @USER @USER He will blame it on the fact that he is Hispanic of course.,OFF,TIN,IND
0,20632,@USER It‚Äôs said that artists who paint this way are showing how they truly see the world. Well he‚Äôs showing how him and all liberals see the world.,NOT,NULL,NULL
0,17007,@USER hiya sexy p s bolna xxx,OFF,UNT,NULL
0,77559,Just imagine the tyranny we‚Äôd be living under had these leftwing tryants waging war on us and our duly elected president and the American Republic itself gained tyrannical control of the US Supreme Court the neocon‚Äôs #NeverTrump crew was trying to deliver to them?  #MAGA üá∫üá∏,OFF,UNT,NULL
0,65788,@USER She's sexy as hell and tough tooüëçüëçüëçüëç,NOT,NULL,NULL
0,31723,@USER California? How? Gun control laws should of prevented this,OFF,TIN,OTH
0,91607,@USER That image tells the story of generations of people self medicating to manage distress. Can't count the number of people lost and like you say too many can't see beyond the sickening labels.,NOT,NULL,NULL
0,63777,@USER They are BOTH GUILTY of CRIMINAL BEHAVIOR &amp; they know it.  üôèüèª God removes any &amp; all barriers to getting the truth from them! #MAGA,NOT,NULL,NULL
0,82230,@USER You are a disgrace go home you are not the President anymore. You are breaking tradition of the former President stepping aside. This is no longer Obama‚Äôs country this country belongs to We The People not your sheeple #MAGA @USER,OFF,TIN,IND
0,86688,@USER @USER @USER #Brilliant bigotry..,OFF,TIN,OTH
0,32305,@USER Holy moly!! If the catholic people haven't been awakened by this ..... #FalseProphet  #Lunatic,NOT,NULL,NULL
0,88613,Chances @USER got @USER ‚Äòs Mario Cart penis confused with one of the few thousand she‚Äôs had since then. Can you remember what a specific slice of pizza üçï you at 15 years ago looks like? Dems like ancient memory based accusations #ConfirmKavanaughNow #MAGA,OFF,TIN,IND
0,88930,"""@USER England averages 26 gun murders per year. It is hilarious that you imply gun control doesnt work in the UK. This must be what Trump call Fake News"""".""""""",NOT,NULL,NULL
0,45523,@USER So will this all be hidden like the liberals hid everyrhing about the failed Nipigon bridge?!?! Huh? Our money and we are barred from the truth sickens me. They are communists,NOT,NULL,NULL
0,77344,@USER @USER @USER @USER @USER @USER @USER Can you give me a better term than cultist for someone who will change their view on gun control to defend Bernie rather just admit that his record his awful?,NOT,NULL,NULL
0,68621,""".@USER Maybe Kavanaugh should withdraw, spare country tinderbox"""" hearing #TTT URL What are you afraid of @USER ?  He is going to be on the court and the GOP is going to expand their majorities.  You are pissing on a red ant hill""""""",OFF,TIN,IND
0,11746,@USER Poorly worded but he's not talking about the actual shooting. He means the aftermath with the gun control aspect.,OFF,TIN,GRP
0,56068,@USER I love the way this pisses off liberals. URL,OFF,TIN,GRP
0,58200,@USER The old fool proved he shouldn't be leader of the Liberals when he mouthed off about the Sky takeover by Murdoch.,NOT,NULL,NULL
0,74402,"""@USER @USER @USER It wouldn't surprise me a bit. Just like they falsely call conservatives, Fascists"""" and justify physically attacking them. """"Trump's a Nazi, kill him!"""". It's just a matter of time before they suggest it.""""""",OFF,TIN,IND
0,31511,#boom @USER maybe that book deal isnt such a good idea? #FISADeclassification #maga #QAnon #TrustSessions wow the corruption runs deep.  URL,NOT,NULL,NULL
0,40126,#God The Media Using Criminals as Heros to Push for Gun Control,OFF,TIN,GRP
0,78914,@USER @USER Well if she truly thought he was an intruder in her home I would suppose she would revert to her police training.  What sickens me is all the media hype that she is going to get off strictly because she is white and he is black.  Horrible all the way around.,NOT,NULL,NULL
0,67770,@USER still waiting for mine fat,OFF,UNT,NULL
0,73068,@USER @USER ok with Andrew @USER Bully Liar touchy cheat to be kept on as a MP? On ¬£75k? No anti bullying rules? URL ‚Ä¶ @USER @USER @USER @USER,NOT,NULL,NULL
0,39447,@USER @USER Mental case for sure,OFF,UNT,NULL
0,17898,@USER This guy wants to be a successful producer and he is tweeting stuff like this.,OFF,TIN,IND
0,25214,Don't these PIGS have a job? Don't these SLOBS have a life?  Where is there outrage against  bill clinton keith ellison harvey weinstein THESE PROTESTERS ARE  HYPOCRITES! #MAGA URL,OFF,TIN,GRP
0,11546,@USER It‚Äôs for pornhub...,OFF,UNT,NULL
0,28503,@USER @USER @USER @USER @USER And guys like you are the fat yokels.,OFF,TIN,GRP
0,59483,"""20 Crazy Things Liberals Blame Trump For""""  URL #TCOT #MAGA #RedNationRising""""""",OFF,TIN,GRP
0,10979,"""@USER @USER Sadder still, these guys exist because of a bunch of far-left children that dress like ISIS, burn flags and attack journalists.  Yet our young leftists activists posing as journalists"""" don't even cover the group #antifa that does all of the violence. Talk about bizarro world!""""""",NOT,NULL,NULL
0,94645,@USER @USER Everybody Talks About the Weather . . . We Don't: We confront them when we make sure that what doesn't suit us never happens again. Don‚Äôt blather that it is too violence. The action #AntiFa is not crocheting doilies!,NOT,NULL,NULL
0,58514,@USER This is disgusting that this is happening.  Strictest gun control laws - not working.  Maybe legally allow people to arm themselves for protection - lighten up those tough gun rules that aren't working. Too many lives are lost in Chicago.,NOT,NULL,NULL
0,25216,@USER @USER Issss nigga fall asleep on soft after this,NOT,NULL,NULL
0,52985,@USER Could it be that President Trump is normal and most of Washington D C are insane and totally out of touch with the forgotten middle class working people of America? Drain the swamp &amp; MAGA.,NOT,NULL,NULL
0,37397,@USER nah it's coz you're a cunt. blocked,OFF,TIN,IND
0,98521,@USER Reason is he is in a small market on a mediocre team.,OFF,TIN,GRP
0,90934,@USER @USER And your fans keep going back and forth between ‚Äúit‚Äôs not in the report‚Äù to ‚Äúthe police or she is lying‚Äù,NOT,NULL,NULL
0,28985,I'm Assuming I'm Not Going to Get an Answer': Brainless  #Liberal Stooge Ocasio-Cortez  .@USER on $40T Policy Plan URL #WakeUpAmerica  THIS is NOT America's future VOTE Republican  or surrender America to these #DEM morons @USER #MAGA,OFF,TIN,OTH
0,17971,@USER Isn‚Äôt the coalition for gun control headed up by the lady who was turned down for a job because she was a bully?,OFF,TIN,IND
0,45637,@USER I think he is hoping someone somewhat soviet will take care of it for him. This could get even uglier.,OFF,TIN,IND
0,70465,@USER He‚Äôs gonna tip him two new assholes,NOT,NULL,NULL
0,55806,"""@USER @USER @USER @USER He is mocking self-professed populists who claim to speak for the people"""" when those who stand up for """"norms"""" and """"rights"""" are labelled latte drinking elitists""""""",OFF,TIN,GRP
0,72781,@USER @USER @USER @USER This is all you Liberals have because you've been brainwashed to think this way. #GrowUp and #WalkAwayFromDemocrats,NOT,NULL,NULL
0,74379,@USER Trying to shape opinion. #MockingbirdMedia at it's worse.. Read the comments.. It failed miserably.. #MAGA #GreatAwakening #TheStorm  #WeThePeople  #WWG1WGA  #DrainTheSwamp #ReleaseTheVideo  @USER #MockingbirdMedia #FakeNews  @USER #QAnon #QAnon8chan URL,OFF,TIN,OTH
0,75967,@USER @USER Excuse me? They got what they had before the hurricane.  Expecting tract houses when you had lean to's and expecting honorable people likeTrump with the corruption they continue to vote in?!? Wake up.  He is flushing the swamp here and they need to flush their swamp there.,OFF,TIN,IND
0,19179,@USER @USER @USER @USER as of right now my only solid position is that the NRA has become far too influential in politics and as a result they have delayed the desire for gun control for about 20 years.,OFF,TIN,IND
0,56208,@USER From your lips to God‚Äôs ears Antonio. I will do my part. Let‚Äôs hope all Conservatives do their part. And stay vigilant at the polls. Dems are desperate. There WILL be fraud.,OFF,TIN,IND
0,62393,@USER God he is terrible.,OFF,TIN,IND
0,28760,@USER Chelsea you like all your me too hysterical radicals ignore facts. you exercise fear mongering. science has helped make sure women and their unborn are safer today. The morning after pill is a great advance and the sanctity of life is more ensured for both mom and baby.,NOT,NULL,NULL
0,80778,@USER @USER @USER Antifa FACIST. Don‚Äôt let these mean anti-Americans use a fake title. They are FACIST.,OFF,UNT,NULL
0,33386,@USER @USER @USER @USER @USER @USER @USER @USER @USER @USER @USER @USER @USER @USER @USER @USER @USER @USER @USER @USER @USER @USER @USER @USER @USER @USER @USER @USER @USER @USER @USER @USER @USER @USER Nice list. Of course I am against gun control. I am also in favor of freedom of religion. People can believe whatever horseshit they like. They just need to keep it out of schools. Creationism has no place in schools.,NOT,NULL,NULL
0,58215,@USER Antifa would burn a Conservatives house down and CNN would be there lighting the torches &amp; throwing gas on the flames.,OFF,TIN,GRP
0,84715,@USER She has not been coached well enough yet.  This whole thing is a scam to delay a vote so that it is a midterm election talking point.  Conservatives should make it a non issue by turning out in record numbers to support MAGA agenda and candidates.,NOT,NULL,NULL
0,99194,@USER @USER Liberals makes America  Sicker,OFF,UNT,NULL
0,20901,@USER @USER Lol another illegal Antifa girl,OFF,TIN,IND
0,90618,@USER @USER #nope... With Mm no way...maybe is time to ask Sky what has gone wrong? Because #Foster from CNN have the book first than KP tweeted about the book...  Liberals... From Trump for Americans to Mm for British... I don't known who is worst,OFF,TIN,GRP
0,97694,@USER @USER @USER @USER @USER @USER @USER @USER @USER @USER @USER @USER @USER @USER @USER @USER @USER @USER @USER @USER @USER @USER @USER @USER @USER @USER @USER @USER @USER @USER @USER @USER @USER @USER @USER @USER @USER @USER @USER @USER @USER @USER @USER @USER If we don't destroy the Bush-Clinton Crime family we'll face many more like Obama!!,OFF,TIN,GRP
0,31333,@USER You are abhorrent,OFF,UNT,NULL
0,23159,@USER Ouch!,OFF,UNT,NULL
0,73623,@USER you never were a slave. Spartacus was a slave and a heroic figure. You are neither.,OFF,TIN,IND
0,38116,1. 2 protect Trumpie. 2. 2 increase presidential powers. 3. 2 kill Roe v. Wade. 4. 2 limit voting rights. 5. 2 weaken gun control. 6. 2 deal with religious liberty. Congress is not an august body. They lost that moniker when they went whole hog 4 Trumpism. URL,OFF,TIN,IND
0,95860,@USER @USER Correction: Liberals deliberately distorting.,OFF,TIN,GRP
0,94181,Judge Nap: Get Ready for Another Version of Clarence Thomas-Anita Hill Hearings URL This is #TheLiberalWay STOP the Pathetic Lying #DEMS @USER #MAGA,NOT,NULL,NULL
0,43876,@USER Bullshit! My daughters and I watched the tennis match and sarrena got what she deserved. We are big Williams  fans. No one is above the game.,OFF,TIN,OTH
0,62826,#meDIAtoo Selective putrid outrage ONLY AT Conservatives only BY LIBERALS who want us to know how MORAL they are!!!  Re: Kavanaugh and ANY OTHER REPUB who will stand up against them!! URL,OFF,TIN,GRP
0,49813,@USER She is such a witch.  All she needs is a broom,OFF,TIN,IND
0,85132,@USER @USER @USER What the hell has his location at the time of the shooting got to do with anything? People don't have to be shot to fight for gun control! Usually they can't after the event because they are usually DEAD!,NOT,NULL,NULL
0,84478,@USER @USER She is dickmatized,OFF,TIN,IND
0,28403,@USER Either she is misinformed or has no shame. I‚Äôm going with she has no shame.,OFF,TIN,IND
0,27508,@USER @USER @USER No gun laws have prevented the violence in Chicago or DC where laws are far more strict. Gun control laws lead to the deaths of innocent people who can‚Äôt protect themselves from criminals.,NOT,NULL,NULL
0,81786,@USER @USER They probably shutdown the @USER website because of the death threats. If she votes yes she‚Äôll most likely get lots of support from #MAGA voters.,OFF,TIN,GRP
0,24726,@USER Get back on your peanut farm old man,OFF,TIN,IND
0,84081,"""@USER Chris, Chris, Chris.... Are you forgetting the mantra of every single libtard pusher of common sense gun control""""? When all guns are outlawed, the criminals will voluntarily give up their guns, out of a sense of compassion.""""""",OFF,UNT,NULL
0,73736,@USER @USER @USER @USER @USER @USER @USER @USER Dont keep signing all this talent for what  so they can be on main event ever week or get lost in the  Shuffle Chad cable is a amazing wrestling  but he is in a tag team with Bobby Rhoode that dont make any sense and people wonder why cody left because he is a main event talent,NOT,NULL,NULL
0,78943,@USER Because only the unhinged liberals that are scared they won't be able to murder their babies are demanding this. The other normal rational people with common sense can see this is just a fake accusation to stall.,OFF,TIN,GRP
0,54753,@USER @USER #Westminster @USER #Tories @USER @USER @USER #Brexiteers #OutOfTheEU @USER We think not #AnnaSourpuss üò† Best for the #UK üá¨üáß without a doubt is to #Leave with #NoEUDeal &amp; just get on forging üåç trade deals &amp; say to the #EU #FuckEU üí™,OFF,TIN,OTH
0,52890,@USER @USER @USER He is a wonder dog he could have a couple doggie girlfriends,OFF,TIN,IND
0,47943,@USER It also goes to show that all those so called news people that laughed at you are now eating crow. How wonderful it is to watch the looney liberals squirm around like worms drowning in sunshine.,OFF,TIN,GRP
0,12719,@USER @USER The Pope is complicit.   Make no mistake.   Anyone who harms a child . . .,OFF,TIN,IND
0,44448,@USER Please shut up Ontario is seeing what conservatives stand for @USER is not helping you loose this province your never going anywhere.. Not they you will any way your completely out of tune with Canadian Mr. Harper oops I mean Mr. Scheer common mistake you so much alike.,NOT,NULL,NULL
0,12741,@USER @USER @USER @USER Show me a single case where antifa have actually murdered someone.  Because the far right murdered someone at Charlottesville ü§∑  Hypocrisy works both ways.,NOT,NULL,NULL
0,28195,@USER @USER @USER gun control! That is all these kids are asking for!,OFF,TIN,OTH
0,80716,@USER The facts of the matter are very plain &amp; basic. This has never happened before in recorded history or on other similarly hit islands in the area. The fact it happened on Donald Trump's watch is unsurprising. He did not support them. He is an abject failure and should be dismissed,OFF,TIN,IND
0,44053,@USER @USER Oh WOW! You look like a 1980's Porn Star #loveit,OFF,TIN,IND
0,74815,@USER Like if you didn‚Äôt get fired from ESPN,OFF,TIN,IND
0,86557,"""@USER Step 1: Approach the fascist from behind.""""  I see two problems with this, the first being that it would require the antifa member to recognize their own projection.""""""",NOT,NULL,NULL
0,75054,@USER This is a guy who weaponized the judicial system and IRS to attack conservatives...this is a guy who couldnt grow the ec onomy over 2 percent...this is a guy who said.  Get used to it...its the new norm  This guy is a moron,OFF,TIN,IND
0,78274,@USER Doesn't surprise me. Texans hate Liberals w/ Soros backing.,OFF,TIN,GRP
0,44015,@USER @USER Liberals ruin everything!,OFF,TIN,GRP
0,28260,@USER whats wrong with dead #antifa?  I don't understand I thought the only good antifa was....,OFF,TIN,IND
0,69914,@USER I've said that many times. Liberals and Conservatives are two sides of the same coin and that coin is in the back pocket of the wealthy Canadians.,OFF,TIN,GRP
0,66991,@USER @USER @USER Do yourself a favor and watch this @USER There is still time for you to spit that kool aid out and pay attention to what is happening. You right leaning conservatives are so brainwashed it is sickening.,NOT,NULL,NULL
0,90654,@USER What she is proven??? Lies???,OFF,TIN,GRP
0,23240,@USER Georgia University...your racism and utter lack of tolerance is showing. Higher education is apparently not your goal.,OFF,UNT,NULL
0,84054,@USER @USER @USER Supporting an apartheid state which commits international war crimes. Shame on you.,OFF,TIN,OTH
0,24532,Anything will Help.  Thank you #Patriots #Maga and if you dont hear from me thanking any who help and share its bc im about to loose signal out here in the rain and batt will die so I gotta get to a place to plug in. Thanks again folks and God Bless URL,OFF,TIN,IND
0,26844,@USER Go away,OFF,TIN,IND
0,45346,@USER @USER Trudeau and the metoo movement hahaha. He is on the wrong side there. Funny how questions never went anywhere with Trudeau.,OFF,TIN,IND
0,92615,@USER You‚Äôre welcome! Yo! @USER and I were holding up a casual tournament watching you. Good shit!,NOT,NULL,NULL
0,55643,"""@USER @USER (1) Ok lets play this game. Which side"""" is openly advocating for the persecution of a race &amp; promoting segregation? Which is supporting a militant group very similar to Hitlers brown shirts (Antifa)? Which is calling for gun control (even wanted armbands)?""""""",OFF,UNT,NULL
0,33861,@USER I like that after dating for 8 months you finally understand it when I cringe at the word cock lol,OFF,UNT,NULL
0,10734,.@USER : 7 Myths of Democratic Socialism Debunked  URL  #MAGA #KAG,OFF,TIN,IND
0,35515,@USER Don‚Äôt judge us Mainers by this (clearly insane) proclamation. He‚Äôs off his pins.,NOT,NULL,NULL
0,95600,@USER @USER trump may not be the one who started this mess but he can stop it. If he doesn't he is part of the problem.,OFF,TIN,IND
0,62545,@USER and why do all the issues about Pc only focus on liberals What about conservatives on kneeling on fake patriotism Or Republicans freaking out over an abortion,OFF,TIN,IND
0,93119,WTC This is a threat!!! ..@USER #Maga #QAnon #WakeUpAmerica URL,OFF,TIN,IND
0,32028,@USER @USER @USER @USER @USER @USER @USER @USER @USER @USER @USER @USER @USER @USER @USER @USER @USER @USER @USER @USER @USER @USER @USER @USER @USER @USER @USER @USER @USER @USER @USER @USER @USER @USER @USER @USER @USER @USER @USER @USER @USER @USER @USER @USER @USER @USER @USER @USER @USER @USER üôÑ Are you really serious?! Comparing some of the most prestigious positions in the nation with being a slave? You just keep proving your ignorance &amp; inability for logical thought! #MAGA,OFF,TIN,GRP
0,42594,"""@USER @USER Daniels said her job does not reflect her character, really. She is a cheap, sleezy porn lap dancer. The is no high road"""" to take in that type of job""""""",OFF,TIN,IND
0,89906,@USER Hope they're brushed up on their very large negative numbers!,OFF,TIN,IND
0,62079,@USER @USER is a very lost soul! His father f**ked him up real good!,OFF,TIN,IND
0,17891,@USER BUT MR. JOHN KERRY POTUS IS GETTING THE JOB DONE IN SPITE OF DEMOCRATS LIKE YOU WHO GROVELED TO THE IRANIAN MULLAH AND TRIED TO BUY HIM OFF WITH PALLETS OF CASH &amp; RELEASING FROZEN FUNDS! YOU &amp; OBAMA‚ÄôS CROOKED DEAL HAS HELPED FUND TERRORISM WORLDWIDE! TAKE A WALK INTHE WOODS W/HRC,OFF,TIN,IND
0,83207,@USER why do conservatives always assume that a women making these allegations is lying?,NOT,NULL,NULL
0,64664,2 hours at midnight and she said she is not a call girl?  -Awkward!,OFF,UNT,NULL
0,89799,Impeach Trump and #MAGA,OFF,TIN,IND
0,80183,A cute girl that I've had a crush on since earlier this year just called me funny and I want to throw up,OFF,TIN,IND
0,81640,@USER Yes mothers now this is what the deranged left will make you do to your little boys! Are we really going to let this happen? Pure EVIL! #VoteDemsOut #MAGA #2020 #ConfirmJudgeKavanaugh @USER URL,OFF,TIN,GRP
0,43978,@USER This is why we need gun control,OFF,TIN,OTH
0,64667,@USER Alex this is so fuckin beautiful,NOT,NULL,NULL
0,16666,@USER @USER She is a horrible at her job...maybe that's why her career is dying...,OFF,TIN,IND
0,37089,@USER And I you ya sexy lady you ‚ô°,OFF,TIN,GRP
0,26050,@USER The UNHINGED REPUBLICAN PARTY I have a question why do you want the wall and not gun control in America  when a illegal immigrant does something the UNHINGED REPUBLICAN PARTY talk about the wall but when a school shooting happens the UNHINGED REPUBLICAN PARTY is mute,OFF,TIN,IND
0,12422,@USER @USER You are an embarrassing citizen!!,OFF,TIN,IND
0,57128,@USER The guy is not even a white Romanian he is a gypsy!,OFF,TIN,IND
0,48534,@USER @USER I'm also a Prohibited Possessor thanks to Obama and his every soldier has  PTSD crazy administration.Can't get life insurance either.Still support the NRA and the work they do for gun rights.Hoping Trump will fix the wrongs of labeling veterans as a means to back-door gun control,OFF,TIN,IND
0,30255,@USER BETO A DANGEROUS MAN!  I TOLD YOU A HIT AND RUN DRIVER WOULD STAND UP FOR YOU AND ME! ITS LIKE HE HIT US WITH ILLEGALS NOW WANTS TO RUN!  HELL NO!,NOT,NULL,NULL
0,19267,@USER Dumb kid,OFF,TIN,IND
0,62418,"""@USER I tear up from laughing so hard every single time I see this. Priceless. CNN should scoop him up for ANTIFA rallies and weather stories. Creative cameraman job at worst. Elaine would say this guy is sponge worthy"""" Come on CNN, hire this guy as a creative consultant at least.""""""",NOT,NULL,NULL
0,72124,@USER Where is the gun control crowd now that illegal immigrants are waltzing into our country heavily armed,OFF,TIN,GRP
0,14263,@USER @USER Guess who is really perpetuating all this garbage??  LIBERALS,OFF,TIN,GRP
0,69601,"""@USER PPL need to remove the name trump"""" &amp; put his shadow unelected administration are doing X Y &amp; Z. As anonymous said they are running the WH. Not taking away from spawns own complicity however if you think he is making decisions alone you are fooling yourself.""""""",NOT,NULL,NULL
0,53870,@USER Ummm.   You are one of those people that shouldn‚Äôt be there.  üòÇ,OFF,TIN,IND
0,36654,@USER @USER With Democrat's Sociability Quotient it's no wonder Democrats think about Gun Control all the time!,OFF,TIN,GRP
0,81430,@USER America is better than swamp crud like YOU!,OFF,TIN,IND
0,78577,@USER @USER @USER Did you just say he? HE has a female name. He is actually a she. Actually get your facts right before making a stupid statement. Everyone knows the game gets stale after a few months and the new DLC makes it interesting again.,OFF,TIN,IND
0,62012,@USER But couldn‚Äôt take care of Racism that was created during his presidency...  never heard the words Equality come out of his mouth.   We are a melting pot!!!,NOT,NULL,NULL
0,44023,@USER Unless he is like that old skin bag Cher.  She just coming back and coming back. #stretchedface,OFF,TIN,IND
0,68570,@USER @USER @USER Not crazy but given she is my wife I feel unqualified to give an unbiased answer lol,NOT,NULL,NULL
0,75100,@USER The GOP has blood on their hands. GUN CONTROL!!!,OFF,TIN,IND
0,46787,@USER Dear Andrew I saw the endorsement by Cory Booker the both of you are made for each other secondly you're view are so far left since you and Cory both hate the President secondly you're a moron running against Rick Scott I hope get beat so bad,OFF,TIN,IND
0,63941,@USER Another INSANE O.. appointees.. AMOUNTING TO NUT N.. JWB.. the next ONE    Could be real famous.. former..first BLACK president.. OR former first BLACK lady... JUST SAYN IT...and FREEDOM OF SPEECH... r my Am O!!,OFF,TIN,IND
0,58670,"""@USER So she is using the feminist card as a excuse for her behavior in not getting what she wanted when the other competitor that she played was a A WOMAN"""" who just was simply better than her today. Every woman in that room who applauded to that nonsense I feel sad for you.""""""",OFF,TIN,GRP
0,14175,@USER @USER @USER they are bullshit stats. but say isn't london the murder capital of europe now? that gun control working right? germany having some SERIOUS crime problems. maybe u should take care of business at home be4 u start tweeting about the US,OFF,TIN,OTH
0,61775,@USER is the main muckspreader for @USER and do not be surprised about the various twists and turns of the #Fake #Novichok stories URL,NOT,NULL,NULL
0,65156,@USER @USER Even Kavanaugh said Roe v Wade is a settled law. She is spewing a narrative that does not exist. Trump also said the same.,OFF,TIN,IND
0,99416,@USER I know!! So upsetting üò≠üòÇ,OFF,TIN,IND
0,36200,@USER just censored the @USER #Qanon merchandise. Really Zazzle? Meanwhile communism and Antifa merch are allowed on your site. The constitution of the USA means nothing to you? Well done. @USER time to take our merch elsewhere. #WWG1WGA URL,OFF,TIN,GRP
0,55444,@USER @USER I don‚Äôt give a damn about a ‚Äútough‚Äù niggah üòÇ,NOT,NULL,NULL
0,84667,@USER @USER @USER @USER The Institution only let her tweet when she behaves. She is a Window Licker!!!!,OFF,TIN,IND
0,32210,@USER @USER that's hilarious.... let those #PuertoRicans legalize pot so they can forget about their problems after #HurricaneMaria...üá∫üá∏üíµüòèü§£  #ThursdayThoughts #ThursdayMotivation #resistance #resist #MAGA #Military #veterans #TCOT #ThisIsAmerica URL,OFF,TIN,OTH
0,49740,@USER @USER make yourself useful and  go bury your head in the sand.,OFF,TIN,IND
0,43081,@USER @USER @USER @USER @USER Ummm theres video of it and the coach literally admitted to it lmao. Maybe read before having strong shitty opinions,OFF,TIN,IND
0,19121,@USER Shouldve played saint marie instead of london docks. Saint was ass for me üëå,NOT,NULL,NULL
0,46849,@USER You are a hero!! URL,OFF,UNT,NULL
0,45592,@USER But honestly the cameras suck ass they're great if you don't zoom in,NOT,NULL,NULL
0,39461,@USER @USER I'm all for gun control use both hand's,OFF,UNT,NULL
0,45691,@USER Another has been trying to get back in the spotlight Paul McCartney go back to England shut up,OFF,TIN,IND
0,80570,@USER @USER Truly has got to be the most idiotic thing I've ever seen.,OFF,UNT,NULL
0,71786,@USER @USER @USER @USER Using that thought/conspiracy then it would be safe to argue that the liberals have concocted this and are stalling in order to help the liberals interest in that. The perfect pawn would play fearful of  the process thereby helping confuse &amp; prolong the process.,OFF,TIN,OTH
0,93870,Understand the meaning of America by reading Creating the Declaration of Independence by @USER and share your knowledge of the American Creed with your fellow citizens. URL #MAGA #KAG @USER @USER @USER @USER,OFF,TIN,OTH
0,12295,@USER @USER shut that wanker up,OFF,TIN,IND
0,49845,@USER I'M SO FUCKING READY,NOT,NULL,NULL
0,70403,@USER @USER @USER @USER @USER Sorry to break it to you but the god of the bible is actually just a lesser god from the ancient Sumerian and Babylonian religions. The bible itself isn't unique in it's claims nor is it unique in it's inability to substantiate said claims. Try again.,OFF,TIN,OTH
0,94759,@USER @USER Carlson showed us exactly who he is - a slimeball Fox representative. Fox watchers who love his views ate it up. Normal intelligent people were disgusted by his tactics.  Loved that Avenatti laughed in his face.,NOT,NULL,NULL
0,87429,@USER you at the prospects game? #fatbastard,OFF,TIN,IND
0,35524,Was this a threat from @USER #DangerousDemocrats #maga URL,OFF,TIN,OTH
0,31194,@USER You kept a SCJ seat open for over a year with Merrick Garland. It is not fair to push Kavanaugh thru. He is the most unpopular nominee ever. The American people deserve better than this. The woman deserves better than this.,OFF,TIN,IND
0,94310,@USER @USER @USER Snowflakes are liberals,OFF,TIN,GRP
0,42115,@USER Cher is helping Republican party by her unhinged rants...,OFF,TIN,IND
0,83927,@USER Booo.  Hooo hoo  who raised these spoiled brats ?,OFF,TIN,GRP
0,43332,8/ . Liberals Just Pull Kavanaugh....the next guy will be fine  Me: You Democrats are so obvious. You are gonna smear everybody and call them a rapist. URL,NOT,NULL,NULL
0,28518,@USER Then your gonna get bitten,OFF,TIN,IND
0,78443,*pats tears* Gosh..... Dammit *sniffs* *sighs* My baby-* sniffs* She just doesn't deserve thisüíîüò≠. She is so precious and I- URL,OFF,UNT,NULL
0,12856,@USER where did you dig this one from? She is dope sha,OFF,TIN,IND
0,27506,@USER @USER @USER @USER @USER @USER Aalayah...I cannot express  enough how proud I am of you and your classmates. I truly believe your hard work will be the turning point in gun control!!It is definitely time for the old white boys club to step aside and listen to the young people who have suffered because of them.,NOT,NULL,NULL
0,75696,@USER @USER Hollywood and media make jokes about Jesus and Christians and think that's hilarious but turn every innocent joke conservatives tell in to an outrage. Typical of reprobates.,OFF,TIN,OTH
0,79718,-Conservatives cut police funding -person complains about crime -person votes conservative to tackle crime  ?,OFF,UNT,NULL
0,72850,@USER Eric Holder was the perfect Att Gen for the OBama administration. Not an ounce of human decency in his bones.,NOT,NULL,NULL
0,10434,@USER Sen Tim Kaine is ecstatic his basement boy son has found his niche working for the FBI as a Black op coordinating &amp; joining Antifa terrorist organization! URL,NOT,NULL,NULL
0,59690,Alert: Candace Owens Was Just Attacked By Antifa URL,OFF,TIN,IND
0,40587,53 high school students murdered in Texas with 9mm Taurus semiautomatic. The NRA calls gun control research 'unethical'.,NOT,NULL,NULL
0,86753,@USER @USER @USER @USER You are two nutcases. Obviously. URL,OFF,TIN,GRP
0,85456,@USER Nope; I was fortunate to be online when he posted it. Sounded like bullshit to me at first too until a few other celebs chimed in.  Daffy,NOT,NULL,NULL
0,48774,@USER You hear something he is not saying  but they did drink supposedly at that school in the 80s which was  18 in 79. This tales is 1982 when limits moved to 21 but there is a girl 15 accusing a boy 17 of everything but sex. If you think it is rape prosecute it. Do not imply boy lies,OFF,UNT,NULL
0,14271,@USER What death threats? Antifa is not sitting outside her house like they have with Republicans. Why did she scrub all her social media?,OFF,TIN,IND
0,60939,Pretending you have dementia to own the libs #MAGA URL,OFF,TIN,IND
0,44884,6 people are dead after shooting spree in California @USER URL                     @USER so those thoughts &amp; prayers are working good for gun control,OFF,UNT,NULL
0,76596,@USER Fake news. .,OFF,TIN,OTH
0,68367,@USER Shitttt. I do &amp; does.,OFF,UNT,NULL
0,33714,@USER @USER The US Open has treated her poorly with the whole controversy over her outfit.  Bottom line is she was treated differently because she is a women of color and this would never happen to a man.  The USTA better soon recognize that she IS women‚Äôs tennis and act accordingly!!,OFF,TIN,OTH
0,19700,@USER @USER The AWB had no effect on crime. That's why it was not resigned into law 10 years after it was 1st signed and allowed to sunset. It also was the beginning of the end for Clinton and his corrupt administration. I love when they screech gun control! It means they lose in elections!,NOT,NULL,NULL
0,51499,@USER Eric Holder is guilty of killing a border patrol officer!!!,OFF,TIN,IND
0,34182,@USER you are not welcome,OFF,TIN,IND
0,10039,@USER Childish and unprofessional.,OFF,TIN,IND
0,76548,@USER Didn‚Äôt break rules. Had permission. A liar.,NOT,NULL,NULL
0,56099,What if I told you there's a group in Israel &amp; in America that has been controlling US foreign policiy for decades using spie lies &amp; quasi blackmail schemes. would you believe me? #MAGA #AmericaFirst @USER The @USER @USER URL,OFF,TIN,IND
0,33734,@USER I really hope you don‚Äôt block me until after next Monday. I want to see this page‚Äôs reaction when Kavanaugh gets confirmed to the Supreme Court. That gun control is effectively dead.,OFF,TIN,IND
0,99289,"""@USER @USER Funny how on top of things"""" you are trying to show you are when its white republicans in the path of the storm. An entire Island was just left to fend for its self for 13 days before help arrived.  Trump is a FAKE PRESIDENT""""""",OFF,UNT,NULL
0,10621,@USER @USER I‚Äôm not a muppet. I‚Äôm a 6‚Äô2‚Äù 215 lbs voter who is of Puerto Rican decent that doesnt take BS from white liberals like you.,OFF,TIN,GRP
0,33600,@USER @USER when robyn posts a selfie the world stops for a moment to appreciate it,OFF,TIN,IND
0,67789,@USER Bullshit.,NOT,NULL,NULL
0,34345,@USER Cause the CIA and FBI WAS good at the time to cover up the greatest corruption ever made by Hussein Obama administration. It‚Äôs all coming out All involved with the Deep State.,NOT,NULL,NULL
0,40498,@USER He's another one of the puke pool!! It's getting pretty full I can tell you that for sure!!!,OFF,TIN,IND
0,52570,No. I respect him for sticking up for his wife but let's not forget that he's running around screaming MAGA &amp; said slavery sounds like an option to him. URL,OFF,TIN,OTH
0,85216,@USER My friend is involved in the gun control movement-had the same discussion with her. She really believes semi automatic guns aka ‚Äú Assault Rifles‚Äù spray bullets with one trigger pull. Total ignorance,OFF,TIN,IND
0,93914,@USER @USER ...I happen to know of your wayward conversations with Patricia Hewitt and hooking back up with the very same Liberals you are who sold us out to this. Go on. Tell me how your continued complicity isn't part of this. You have stoked this too. Disgusting.,NOT,NULL,NULL
0,14223,@USER @USER Is no one considering the fact that Russia might be using Antifa to spread black propaganda??? Remember the Berlin Wall???,OFF,TIN,OTH
0,57174,@USER I loved her since victorious. She was my first girl crush but when I first heard The Way I became a hardcore stan.,OFF,TIN,IND
0,57426,@USER That is a lot of guilt for Tucker to take upon himself. Surely he is not the only on at fault?,OFF,TIN,IND
0,87251,@USER @USER @USER @USER @USER That explains why some leftists were also shadowbanned.,OFF,TIN,GRP
0,27008,@USER @USER When he's not imparting these gems Michael Moore is stuffing his face.,OFF,TIN,IND
0,50733,10 high school students murdered in Dallas with WASR-10 Century Arms rifle. The NRA calls gun control research 'unethical'.,NOT,NULL,NULL
0,66460,@USER More I think about this one--it feels like a story trap. People go nuts and complain--talk about gun control which Cruz could then use to fire up his base claiming that they want to take away 2A rights all because of a couple of shells.,NOT,NULL,NULL
0,93307,@USER He‚Äôs there to talk about bail money üòÇüòÇüòÇüòÇüòÇüòÇüòÇ Well at least he got a hell of a meal out of the trip into town.,NOT,NULL,NULL
0,20500,@USER Do I care üö´pe.  Hope they fold like a cheap table.  Wonder what the spoiled primadonnas do when their huge salaries can't be made.  Bet it won't be bailed out like GM &amp; Too Big To Fail Banks were,OFF,TIN,IND
0,20076,@USER She is a war criminal. By the Nuremberg standard Clinton and every other SoS and Pres should be behind bars.,NOT,NULL,NULL
0,75968,@USER @USER Too bad Antifa crashes GOP townhalls.,OFF,TIN,IND
0,85315,@USER @USER Sloppy and pathetic.,NOT,NULL,NULL
0,63085,@USER @USER @USER @USER @USER @USER @USER What a stupid incompetent devious and toxic PM! May haven't you forgotten 17.4 million voters? Betray us at your peril! You are eroding faith in democracy + destroying Tory Party! You should go URL,NOT,NULL,NULL
0,44025,@USER How about corrupt PR government officials.,NOT,NULL,NULL
0,57823,"""@USER Evidently they don't care that their study"""" is flawed from the start. They just parrot the misleading info from Everytown &amp; all the other leftist gun control addicts/sites.""""""",OFF,TIN,IND
0,83715,@USER Jonah hill ratted your sorry ass out wdym,NOT,NULL,NULL
0,60779,@USER That was Awesome. I love hearing you destroy the Liberals but most of all Trudeau,OFF,TIN,GRP
0,76453,@USER @USER @USER @USER You can make fun of liberals that come up with fake stories.,NOT,NULL,NULL
0,87013,@USER Yet the number of applications from liberals that were rejected was higher then yours.  You sound salty that the liberals had more people looking for use this program but you guys just had people with worst values.,NOT,NULL,NULL
0,80930,@USER I heard ur cock was big and lonely,OFF,TIN,IND
0,94232,@USER @USER @USER @USER @USER not the point ~although it is  a convenient excuse for conservatives to assume if ones against trump then tbey ate for for clinton which is just asinine. ü§£ü§£ü§£ü§£ü§£ü§£ü§£ü§£ü§£ü§£ü§£,OFF,TIN,IND
0,55208,@USER He needed his brains on the sidewalk,NOT,NULL,NULL
0,43241,@USER @USER And - on reflection -  I is a sycophantic twat   But that does not mean he is wrong,OFF,TIN,IND
0,81520,@USER The hypocrisy of the #NEverTrump movement exposed. We hate Trump but thumbs up for his vile policies and anti abortion SCOTUS pick.  Why liberals claim them as our allies boggles my mind.,NOT,NULL,NULL
0,44840,@USER Clearly that man must have been blind.  But thanks for being not only a beautiful woman on the outside but being a kick ass one on the inside as well.  I know there are many woman applauding your post along with me.,NOT,NULL,NULL
0,10605,@USER They should. Hopefully voters will realise that they could have ended this shitshow well before the midterms.,OFF,TIN,GRP
